first_name,last_name,email,address,city
Hiram,Thain,hthain0@pen.io,61 Armistice Junction,Vranje
Demetria,Ralphs,dralphs1@angelfire.com,6 South Park,Udomlya
Hyatt,Foat,hfoat2@ihg.com,275 Forest Dale Circle,Alvaro Obregon
Tabitha,Boutwell,tboutwell3@mashable.com,1867 Karstens Crossing,Sembung
Derril,Claire,dclaire4@wufoo.com,5 Shasta Parkway,Khakhea
Kettie,Carmo,kcarmo5@discuz.net,62 Graceland Parkway,Pilar
Alair,Camier,acamier6@slashdot.org,887 Troy Avenue,Lilongwe
Mariana,Heggs,mheggs7@timesonline.co.uk,5057 Bayside Alley,Montepuez
Nara,Swetland,nswetland8@time.com,0 Lien Parkway,Saint-Avold
Johannah,Winscomb,jwinscomb9@reddit.com,86276 Forster Point,Klášter
Sybilla,Lawrey,slawreya@mapy.cz,47066 Reindahl Point,Mayong
Preston,Sier,psierb@deliciousdays.com,49836 Nancy Court,Gurinai
Perceval,Brazelton,pbrazeltonc@cbslocal.com,723 Lindbergh Street,Duotian
Cordell,MacWilliam,cmacwilliamd@house.gov,1 Elgar Avenue,Dzików Stary
Burl,Santore,bsantoree@wunderground.com,58265 Dorton Place,Gweru
Keefer,Brimson,kbrimsonf@tmall.com,40 Randy Center,Stockholm
Kippy,Bonehill,kbonehillg@reference.com,778 West Center,Yinhe
Ardenia,Escalante,aescalanteh@netscape.com,41707 Bonner Pass,Włoszczowa
Sydney,Haberfield,shaberfieldi@wsj.com,588 Clemons Alley,Orvault
Marlyn,Constable,mconstablej@studiopress.com,96 Sunnyside Avenue,Alingsås
Rolland,Groveham,rgrovehamk@freewebs.com,640 Mitchell Trail,Bayang
Gawain,Brandon,gbrandonl@prnewswire.com,9 Artisan Alley,Guzhan
Marty,Paye,mpayem@exblog.jp,162 Drewry Avenue,Rengang
Fremont,Sinson,fsinsonn@cnbc.com,4477 Annamark Court,Bangangté
Bryan,McNutt,bmcnutto@indiegogo.com,823 Monument Hill,Huangbu
Shanna,Shrive,sshrivep@geocities.jp,30569 Darwin Parkway,Cibenda
Rutger,Wennam,rwennamq@europa.eu,230 Wayridge Pass,L-Iklin
Tab,Grocock,tgrocockr@cbc.ca,6751 Ilene Place,Narong
Nicolas,Sandifer,nsandifers@liveinternet.ru,1 Mariners Cove Place,Yāsūf
Durante,Bunting,dbuntingt@gizmodo.com,9 Dennis Park,Columbus
Tades,Videler,tvideleru@hc360.com,6455 Southridge Place,Angan
Koressa,Kinzett,kkinzettv@boston.com,1 Meadow Ridge Place,Jiusi
Vi,Magowan,vmagowanw@goodreads.com,1 Stoughton Avenue,Uralo-Kavkaz
Sascha,Skegg,sskeggx@a8.net,3383 Bowman Point,Guitang
Junia,Moye,jmoyey@howstuffworks.com,9 Menomonie Parkway,Tsaghkunk’
Nicola,Richichi,nrichichiz@mtv.com,77776 Shasta Court,Thanh Khê
Davita,Helstrom,dhelstrom10@boston.com,01 Almo Trail,Uhryniv
Jemmie,Crothers,jcrothers11@themeforest.net,481 Barnett Point,Kyoto
Morgen,Culshaw,mculshaw12@goodreads.com,12066 Sutherland Hill,Popayán
Nickie,Sweetsur,nsweetsur13@1und1.de,863 American Park,Jishan
Burty,Kenneway,bkenneway14@4shared.com,1785 Charing Cross Pass,Ratchathewi
Katherine,Cawood,kcawood15@shutterfly.com,62166 Independence Parkway,Novopokrovskaya
Natalya,Grainge,ngrainge16@icq.com,053 Doe Crossing Circle,Matsue-shi
Karrah,Shackleton,kshackleton17@google.pl,20 Clove Court,Cotaparaco
Mabel,Beedham,mbeedham18@mapy.cz,8262 Nevada Drive,Féres
Kyle,Spiring,kspiring19@blogger.com,540 Spaight Trail,Jiayi
Ennis,Callear,ecallear1a@ning.com,56 Lighthouse Bay Hill,Zgornje Pirniče
Talya,Signore,tsignore1b@pen.io,73535 Columbus Park,Västerås
Leopold,Marsay,lmarsay1c@vistaprint.com,35 Troy Terrace,Пласница
Fiona,Capps,fcapps1d@spotify.com,40 Mariners Cove Trail,Shirone
Lorie,Mossdale,lmossdale1e@illinois.edu,7966 Schiller Pass,Karlstad
Vachel,Kennington,vkennington1f@istockphoto.com,41858 Lighthouse Bay Center,Nakhon Pathom
Sherri,Baybutt,sbaybutt1g@economist.com,9 5th Drive,Tsaghkahovit
Thaxter,Awcoate,tawcoate1h@salon.com,12 Porter Lane,Västra Frölunda
Mannie,Topley,mtopley1i@yahoo.com,41080 Thierer Point,Raoyang
Shaine,Falk,sfalk1j@sina.com.cn,91 Lunder Plaza,Nanxi
Patrizia,Adlington,padlington1k@nih.gov,6 Susan Avenue,Morelos
Leonora,Swales,lswales1l@delicious.com,7766 Carey Place,Wutun
Gherardo,Danielovitch,gdanielovitch1m@phoca.cz,18236 Eliot Lane,Tatarsk
Hort,Kepp,hkepp1n@angelfire.com,845 Stuart Pass,Mutengene
Traci,Bladge,tbladge1o@angelfire.com,1 Saint Paul Road,Yangsi
Finley,Dowry,fdowry1p@squidoo.com,27144 Warner Avenue,Binucayan
Zelig,Grigorescu,zgrigorescu1q@so-net.ne.jp,900 Jackson Alley,Santo Antônio de Jesus
June,Kalb,jkalb1r@ycombinator.com,72 Springs Avenue,Zuolan
Laurena,Mechem,lmechem1s@tuttocitta.it,35703 Northwestern Alley,Kota Trieng
Sonnie,Snoddin,ssnoddin1t@ovh.net,6 Little Fleur Plaza,Lalapanzi
York,Renner,yrenner1u@about.me,54163 Oxford Drive,Brodarica
Josefa,Goscomb,jgoscomb1v@1688.com,1 Armistice Plaza,Sanxixiang
Hannie,Aitken,haitken1w@accuweather.com,34560 Delladonna Point,Sambirata
Aubrey,Fulloway,afulloway1x@xinhuanet.com,1 Marcy Lane,Gunungpeundeuy
Agnese,Jobes,ajobes1y@github.com,2344 Gina Crossing,San Pedro Sacatepéquez
Araldo,Camies,acamies1z@exblog.jp,9 Ludington Trail,Monção
Selig,Huyge,shuyge20@360.cn,3 Di Loreto Plaza,Zghartā
Giustino,Scougall,gscougall21@mediafire.com,0 Laurel Pass,Zhengdun
Geordie,Silburn,gsilburn22@odnoklassniki.ru,4 Oak Pass,Triolet
Ana,Wimpress,awimpress23@pbs.org,994 Bowman Crossing,Zhangjiaji
Claire,Rummins,crummins24@va.gov,2009 Butternut Point,Punta Gorda
Lin,Sykes,lsykes25@wsj.com,8 Anthes Drive,Cosquín
Jeannine,Dallaghan,jdallaghan26@people.com.cn,58 Redwing Junction,Jejkowice
Lorne,Palomba,lpalomba27@sina.com.cn,58592 Quincy Lane,Stuttgart
Mei,Newcom,mnewcom28@imgur.com,2649 Dorton Park,Lebyazh’ye
Ogdan,Prall,oprall29@cam.ac.uk,1037 Valley Edge Plaza,Sendafa
Merlina,Girkin,mgirkin2a@myspace.com,65 Cherokee Avenue,Clonskeagh
Pepillo,Tomankowski,ptomankowski2b@devhub.com,97 Russell Pass,Jinshanzui
Eleen,Seifert,eseifert2c@ucla.edu,20572 Pierstorff Terrace,Pa Phayom
Man,Kedwell,mkedwell2d@skype.com,45 Myrtle Parkway,Batibati
Benetta,Garland,bgarland2e@blinklist.com,13 Clyde Gallagher Court,Taganskiy
Louise,Ruppeli,lruppeli2f@noaa.gov,5516 Bluestem Crossing,Xingren
Jeniffer,Hamberstone,jhamberstone2g@newyorker.com,0931 Mandrake Pass,Hrodna
Ryann,Dyas,rdyas2h@blog.com,61 Duke Road,Gijon
Freeman,Senechell,fsenechell2i@aboutads.info,3037 Dahle Avenue,El Zulia
Gal,Sowter,gsowter2j@histats.com,252 La Follette Avenue,Kut Bak
Paige,Preddle,ppreddle2k@google.pl,81 Di Loreto Drive,Şafwá
Lenci,Daal,ldaal2l@nhs.uk,303 Stuart Place,Zhaodong
Jenny,Wedlake,jwedlake2m@cnet.com,97331 Merry Alley,Sa Kaeo
Chad,Moorman,cmoorman2n@xing.com,89 Eastlawn Crossing,Duma
Donavon,Baynton,dbaynton2o@cdbaby.com,759 Debs Court,Huangge
Brendin,Cuerdall,bcuerdall2p@over-blog.com,3 Burrows Road,Agen
Tommi,Housam,thousam2q@google.com,8 Carey Lane,Amassoma
Hobart,Hargrave,hhargrave2r@phoca.cz,2203 Cambridge Crossing,Avignon
Malory,Rockcliffe,mrockcliffe2s@goo.gl,90 International Terrace,Riversdale
Andrea,Athowe,aathowe2t@psu.edu,883 Sunfield Road,Semambung
Nicholle,Killelea,nkillelea2u@geocities.jp,99 Dixon Alley,Bang Phlat
Tally,Stubbes,tstubbes2v@arstechnica.com,2 Carpenter Point,Sélibabi
Leodora,Blain,lblain2w@miibeian.gov.cn,0937 Hallows Hill,Polen
Amanda,Logan,alogan2x@ameblo.jp,692 Haas Pass,Badean
Carter,Coveney,ccoveney2y@bloglovin.com,6 New Castle Center,Chengbei
Matelda,Jowett,mjowett2z@fda.gov,0805 Butterfield Street,Noupoort
Silvester,Schimoni,sschimoni30@imgur.com,2156 Almo Circle,Pyu
Brose,Dacke,bdacke31@umn.edu,1 Becker Circle,Tío Pujio
Randene,Starbuck,rstarbuck32@gov.uk,8 Karstens Court,Bihoro
Lanna,Bulford,lbulford33@altervista.org,8 3rd Alley,Kubangsari
Wilhelm,Baker,wbaker34@soup.io,04614 Florence Trail,Kobylanka
Whitaker,Dyble,wdyble35@ca.gov,7 Utah Park,Zhyrovichy
Genevieve,Carwardine,gcarwardine36@tripod.com,9 Meadow Ridge Junction,Izobil’nyy
Tracee,Dorre,tdorre37@sciencedirect.com,2 Kipling Drive,Berezivka
Cass,Vaszoly,cvaszoly38@etsy.com,32753 Reindahl Court,Yasynuvata
Neel,Cockroft,ncockroft39@umich.edu,4 Sugar Trail,Meruge
Evelin,Giacoppoli,egiacoppoli3a@w3.org,1319 Montana Terrace,Lingbei
Ermentrude,Laroux,elaroux3b@vimeo.com,92334 Erie Way,Kuningan
Nataniel,Brinkley,nbrinkley3c@tinypic.com,1195 Sage Center,Yuecheng
Fidelia,Freemantle,ffreemantle3d@feedburner.com,7 Ryan Park,Ipirá
Jon,Ratlee,jratlee3e@engadget.com,8890 Merrick Trail,Sofo-Birnin-Gwari
Prissie,Jefferies,pjefferies3f@oracle.com,09870 Hermina Park,Baun
Lavinia,Culwen,lculwen3g@instagram.com,198 Burrows Parkway,Cikarang
Waldon,Hanhart,whanhart3h@51.la,61 Artisan Drive,Port Glaud
Arliene,Dunston,adunston3i@dropbox.com,55 Atwood Avenue,Wahang Dua
Tomas,Nelius,tnelius3j@alexa.com,64944 Park Meadow Point,Montijo
Doralin,Haymes,dhaymes3k@cornell.edu,36545 Southridge Drive,Barda
Marga,Durran,mdurran3l@vkontakte.ru,703 Burning Wood Crossing,Hadakewa
Rochette,Drinkale,rdrinkale3m@pinterest.com,6791 Superior Plaza,Marmashen
Alyda,Hartzogs,ahartzogs3n@yahoo.co.jp,42 Gina Street,Corujeira
Poppy,Samweyes,psamweyes3o@imgur.com,52775 Hudson Parkway,Varadero
Dorri,Nelhams,dnelhams3p@bravesites.com,29 Namekagon Lane,Daping
Grazia,Rowdell,growdell3q@last.fm,8 Gina Avenue,Borik
Madelina,Takkos,mtakkos3r@acquirethisname.com,43479 Tennessee Alley,Montecarlo
Clair,Britney,cbritney3s@gnu.org,2080 Texas Avenue,Luozhuang
Kev,McCray,kmccray3t@ycombinator.com,67356 Fallview Pass,Shkurinskaya
Melita,Sansom,msansom3u@rediff.com,44 Spohn Avenue,Sapadun
Holly,Gorling,hgorling3v@soup.io,94562 Fordem Alley,Luzern
Audry,Hendrick,ahendrick3w@squidoo.com,928 Londonderry Place,Samir
Rossy,McCague,rmccague3x@dailymail.co.uk,71 Westridge Trail,Oslo
Augustin,Colpus,acolpus3y@goo.gl,797 Lyons Point,Barra
Sacha,Neaverson,sneaverson3z@npr.org,0513 North Place,Hekou
Beverie,MacPhaden,bmacphaden40@jimdo.com,79 La Follette Park,Dongyuan
Bearnard,Markel,bmarkel41@pinterest.com,9311 Rutledge Trail,Mihara
Mariska,Thebeau,mthebeau42@google.ru,302 Waxwing Point,São Mateus
Ky,Shorto,kshorto43@prlog.org,144 Raven Road,Banjar Madangan Kaja
Corby,Harbron,charbron44@cnn.com,87 Ridge Oak Park,Loutrós
Felecia,Loveard,floveard45@omniture.com,755 Hanson Trail,Almolonga
Jacenta,De Giorgis,jdegiorgis46@patch.com,60264 Haas Circle,Novo-Nikol’skoye
Lenna,Garvan,lgarvan47@patch.com,6 Hazelcrest Lane,Moscavide
Dunn,Mansuer,dmansuer48@sohu.com,716 Forest Dale Parkway,Ponoka
Marlo,Mainz,mmainz49@umn.edu,07142 Ridge Oak Hill,Hengshui
Barbaraanne,Bernaldez,bbernaldez4a@admin.ch,92848 Shasta Street,Остров Пасхи
Cordelia,Aizlewood,caizlewood4b@infoseek.co.jp,8664 Barnett Parkway,Nanshi
Vasili,Lubomirski,vlubomirski4c@hubpages.com,471 Miller Road,Bahía Honda
Rancell,Clover,rclover4d@infoseek.co.jp,17 Mandrake Avenue,Yufa
Kellen,Staddon,kstaddon4e@angelfire.com,843 Ramsey Pass,Ciputat
Pren,Mighele,pmighele4f@noaa.gov,60978 Swallow Pass,Buenavista
Winifred,Parlett,wparlett4g@ameblo.jp,80880 Spohn Pass,Dzyarzhynsk
Cordelie,Pavinese,cpavinese4h@t-online.de,8 Evergreen Avenue,Sandefjord
Charlene,Gabrieli,cgabrieli4i@vimeo.com,9 Summerview Terrace,Yilan
Jilly,Sicha,jsicha4j@sina.com.cn,17 Logan Street,Canta
Mitchael,Dunlap,mdunlap4k@marketwatch.com,78 Graceland Street,El Progreso
Abraham,Blaxall,ablaxall4l@ovh.net,4674 Columbus Hill,Penebel
Brook,Pawelek,bpawelek4m@skyrock.com,70195 Independence Place,Porecatu
Waite,Scothern,wscothern4n@sbwire.com,28 Hallows Point,Geneng
Phil,Fitchen,pfitchen4o@slideshare.net,41 Nancy Center,Milówka
Mill,Hendrich,mhendrich4p@google.it,9797 Continental Trail,Nukuoro
Frants,Dunmuir,fdunmuir4q@seesaa.net,7 Saint Paul Point,Vineuil
Christel,Torald,ctorald4r@miitbeian.gov.cn,66 Bowman Court,Estoi
Lucias,Enticott,lenticott4s@nsw.gov.au,21 Commercial Place,Anopog
Corabelle,Shoobridge,cshoobridge4t@baidu.com,24 Hayes Pass,Malasila
Nealson,Sansum,nsansum4u@webs.com,739 International Court,Penhascoso
Katherina,Hundey,khundey4v@epa.gov,8 Onsgard Hill,Villa del Rosario
Abbye,Reeday,areeday4w@gizmodo.com,5482 Waxwing Road,Tullinge
Jolynn,Baxter,jbaxter4x@homestead.com,7372 Starling Crossing,Emalgolin Mongolzuxiang
Pepe,Kivelhan,pkivelhan4y@w3.org,65995 Menomonie Way,Berendeyevo
Elvina,Boshard,eboshard4z@symantec.com,9 Heath Junction,Louta
Ives,Applebee,iapplebee50@wikipedia.org,508 Anniversary Circle,Lichengdao
Shela,Twelves,stwelves51@stanford.edu,32927 Banding Place,Jinglongqiao
Ardene,Croker,acroker52@census.gov,8714 Spohn Trail,Feikeng
Alejandra,Bilbrook,abilbrook53@odnoklassniki.ru,42432 Tony Trail,Wangcun
Sandro,Abreheart,sabreheart54@wordpress.com,25 Oak Valley Hill,Marseille
Darrel,Sibbering,dsibbering55@over-blog.com,58073 Farragut Parkway,Thị Trấn Yên Phú
Jacquenetta,Ackerman,jackerman56@bandcamp.com,397 Victoria Alley,Thành Phố Ninh Bình
Blanca,Yushmanov,byushmanov57@jiathis.com,16 Autumn Leaf Court,Punolu
Ulick,Clewley,uclewley58@seattletimes.com,2 Packers Center,Sumberan
Huntington,Grimwade,hgrimwade59@issuu.com,29503 Rowland Drive,Krasnogorskiy
Valene,Johnys,vjohnys5a@facebook.com,6 Tennessee Park,São Pedro
Robina,Bunworth,rbunworth5b@shop-pro.jp,21213 Saint Paul Circle,Sfax
Ardeen,Haugen,ahaugen5c@addthis.com,787 Atwood Parkway,Vília
Rebeka,Athow,rathow5d@ameblo.jp,1131 Superior Alley,Chiriguaná
Erick,Somerset,esomerset5e@dropbox.com,8838 Rockefeller Avenue,Kalashnikovo
Marsha,Camillo,mcamillo5f@thetimes.co.uk,1860 Scoville Court,Rudy
Tiena,Gommey,tgommey5g@macromedia.com,8 Glacier Hill Circle,Lian’an
Garwin,Paice,gpaice5h@netscape.com,67607 Cottonwood Trail,Pallisa
Torr,Boughton,tboughton5i@histats.com,058 Maple Parkway,Lófos
Nolana,Spyer,nspyer5j@theatlantic.com,64451 Lerdahl Drive,Guazacapán
Rebeka,Pickrill,rpickrill5k@storify.com,522 Nevada Place,Pelem
Maynard,Dederich,mdederich5l@reverbnation.com,99 Graedel Junction,Shuiyuesi
Eolanda,Tupling,etupling5m@princeton.edu,27 Brentwood Plaza,Daqian
Ottilie,Trewhella,otrewhella5n@seattletimes.com,80666 Messerschmidt Road,Shishan
Christophorus,Tallyn,ctallyn5o@comsenz.com,232 Warner Street,Ferkessédougou
Tommy,Cosstick,tcosstick5p@mapquest.com,90 Del Sol Road,Shoushan
Nial,Ipsley,nipsley5q@xing.com,3383 Elgar Center,Luebo
Christyna,Swindle,cswindle5r@surveymonkey.com,445 Montana Avenue,Araguari
Carole,Ebunoluwa,cebunoluwa5s@blogs.com,72385 Brickson Park Point,Chalandrítsa
Sheila-kathryn,Peaple,speaple5t@de.vu,7413 Eastlawn Circle,Valparaíso
Fiann,Gilliatt,fgilliatt5u@fema.gov,3931 Hollow Ridge Pass,Huaiyuan Chengguanzhen
Chloris,Tindley,ctindley5v@redcross.org,74063 Sachs Trail,Amancio
Milt,Emmins,memmins5w@stumbleupon.com,9785 Dahle Hill,Putrajaya
Kerr,Free,kfree5x@odnoklassniki.ru,3660 Sheridan Drive,Mateur
Harper,Clift,hclift5y@va.gov,29 Badeau Trail,Kliwon Cibingbin
Adriana,Kingsworth,akingsworth5z@vkontakte.ru,81669 Mitchell Pass,Mata-Utu
Rabi,Speachley,rspeachley60@soup.io,76665 Messerschmidt Junction,Akaki
Cristin,Rudgley,crudgley61@yellowpages.com,8897 Macpherson Lane,Wurno
Dag,Eskrick,deskrick62@sbwire.com,73556 Bay Court,Rominimbang
Austin,Mattedi,amattedi63@cyberchimps.com,7 Southridge Avenue,‘Ayn an Nasr
Mamie,Revan,mrevan64@liveinternet.ru,10 Nevada Parkway,Xiaoyi
Penelope,Wiggall,pwiggall65@constantcontact.com,5118 Chive Parkway,Pudong
Leland,Ayce,layce66@sphinn.com,407 Waubesa Hill,Mar del Plata
Maureen,Teodoro,mteodoro67@so-net.ne.jp,55133 Rutledge Place,Loacan
Florinda,Caress,fcaress68@biblegateway.com,1 Lukken Drive,Arras
Had,Seppey,hseppey69@psu.edu,0303 School Plaza,Quimper
Mariann,Walduck,mwalduck6a@paginegialle.it,036 Elka Crossing,Ntobo
Anatol,Barracks,abarracks6b@yelp.com,24 Ridge Oak Alley,Sigou
Tabina,Longega,tlongega6c@prnewswire.com,851 Garrison Road,Nang Rong
Kassandra,Slopier,kslopier6d@adobe.com,7403 Di Loreto Pass,Xuanma
Birgitta,Skala,bskala6e@mediafire.com,07 Derek Terrace,Morris
Selina,Comelini,scomelini6f@omniture.com,58533 Onsgard Circle,Montalvão
Belle,O'Duggan,boduggan6g@prweb.com,30 Loeprich Street,Birzai
Ester,Jugging,ejugging6h@virginia.edu,1 Gina Way,Gros Morne
Kassey,Franzelini,kfranzelini6i@freewebs.com,80397 Utah Trail,Binguang
August,McFie,amcfie6j@multiply.com,41080 Rockefeller Terrace,la Massana
Farah,Burgess,fburgess6k@google.co.jp,3972 Kensington Alley,Zhaowanzhuang
Michale,Patten,mpatten6l@123-reg.co.uk,9 Fairview Parkway,pamas
Berkly,Rhoades,brhoades6m@github.io,102 Bunker Hill Place,Czernikowo
Ursuline,Faichnie,ufaichnie6n@miitbeian.gov.cn,3756 Corscot Park,Kuantan
Alvin,Faro,afaro6o@marriott.com,442 Transport Place,Lenīnskīy
Ronalda,Collihole,rcollihole6p@google.it,959 Rusk Street,Zougang
Baxy,Wychard,bwychard6q@zimbio.com,5116 Straubel Road,Muara Sabak
Elinor,Plester,eplester6r@gmpg.org,6684 Sutherland Drive,Taraban Timur
Hermon,Radborne,hradborne6s@usda.gov,99268 Ludington Circle,Xindong
Crissy,Gorse,cgorse6t@aboutads.info,2101 Daystar Circle,Strellc i Epërm
Elijah,Camidge,ecamidge6u@posterous.com,488 Fulton Center,Bayt ‘Ūr at Taḩtā
Frances,Brewerton,fbrewerton6v@blog.com,58 Browning Parkway,Mlangali
Mollie,Poles,mpoles6w@mashable.com,0 3rd Place,Jobabo
Vallie,Colleck,vcolleck6x@mysql.com,29949 Maywood Crossing,Capitão Poço
Alexandra,Moulsdall,amoulsdall6y@reuters.com,23971 Straubel Point,Jedlińsk
Jayme,Pickburn,jpickburn6z@time.com,45 Green Ridge Street,Taltal
Carmine,Meller,cmeller70@istockphoto.com,99 Southridge Point,Luodian
Cob,Dougan,cdougan71@sohu.com,46 Memorial Way,Parry Sound
Oswald,Gelly,ogelly72@redcross.org,107 Springs Trail,Dawa-Dawa
Deeyn,Borles,dborles73@china.com.cn,7 Springview Point,Pung-Pang
Maxy,Eadon,meadon74@nba.com,6 Crest Line Terrace,Haoraoshan
Riva,Akam,rakam75@sciencedirect.com,1 Dennis Crossing,Chimanimani
Wilone,Longhirst,wlonghirst76@cbslocal.com,2 Homewood Street,Kowalewo Pomorskie
Cacilie,Cuseick,ccuseick77@wp.com,2 Reinke Junction,Tuquan
Stormy,Leathwood,sleathwood78@google.cn,01260 Meadow Valley Drive,Balyaga
Burr,Moniker,bmoniker79@taobao.com,116 Oak Valley Trail,San Rafael
Shellie,Winning,swinning7a@privacy.gov.au,99 Messerschmidt Terrace,Suncun
Mair,Sleigh,msleigh7b@independent.co.uk,0581 Morningstar Lane,Rechka
Dorotea,McHugh,dmchugh7c@omniture.com,812 Huxley Junction,Arlöv
Mira,Rozier,mrozier7d@ning.com,9356 Macpherson Parkway,Khōshī
Tatiania,Aynsley,taynsley7e@domainmarket.com,11 Valley Edge Plaza,Xiaoguan
Giacinta,Yarwood,gyarwood7f@com.com,4590 Mosinee Pass,Provins
Malory,Knowlson,mknowlson7g@state.tx.us,1092 Barby Parkway,Niyang
Selena,Furby,sfurby7h@yandex.ru,399 Lukken Junction,Karanganyar
Earl,Izac,eizac7i@biblegateway.com,26920 Sachtjen Court,Ryczywół
Roxy,Belsey,rbelsey7j@weibo.com,6 Trailsway Parkway,Lujiao
Augustine,Massinger,amassinger7k@oracle.com,3842 Golf View Pass,Boronów
Garry,Wark,gwark7l@multiply.com,13045 Erie Place,Soacha
Megan,Fountian,mfountian7m@privacy.gov.au,8 Sunbrook Point,Qiaotou
Deina,Ilyenko,dilyenko7n@yellowpages.com,9874 Corscot Hill,Zwierzyń
Aymer,Caulcutt,acaulcutt7o@biglobe.ne.jp,4971 Sutherland Road,Cahabón
Tate,Benitti,tbenitti7p@google.es,113 Sachs Drive,Serov
April,Falconer-Taylor,afalconertaylor7q@europa.eu,41 Elmside Trail,Majalengka
Nikita,Hubbucke,nhubbucke7r@diigo.com,85897 Northland Place,Serra D'El Rei
Stace,Espinel,sespinel7s@flavors.me,3 Buell Terrace,La Guama
Enrique,Jenson,ejenson7t@buzzfeed.com,8045 Warrior Way,Bojongloa
Emmalynne,Stripp,estripp7u@baidu.com,22 Esker Circle,Alabat
Ford,Skivington,fskivington7v@sciencedirect.com,47303 Lakewood Gardens Street,Montreuil
Jillayne,Bomfield,jbomfield7w@spiegel.de,093 Farmco Park,Radeče
Karoly,Gaffney,kgaffney7x@facebook.com,4734 Marcy Way,Gemena
Sayres,Kersley,skersley7y@sohu.com,9 Pankratz Junction,Huelkail
Keen,Besset,kbesset7z@wikispaces.com,28 Vernon Circle,Montceau-les-Mines
Abbot,Burdfield,aburdfield80@howstuffworks.com,464 Fisk Road,Kharkhorin
Gib,Garnall,ggarnall81@dyndns.org,686 Hallows Crossing,Kuznechnoye
Charleen,Vasnetsov,cvasnetsov82@google.fr,5 Nova Drive,Zhonghuopu
Domingo,Greggersen,dgreggersen83@surveymonkey.com,6 Sunnyside Park,Järfälla
Malorie,Hardy,mhardy84@opensource.org,196 Amoth Crossing,Chacarita
Abelard,Lightwood,alightwood85@acquirethisname.com,19221 Mayer Court,Belanting
Jecho,Hallgarth,jhallgarth86@illinois.edu,17538 Atwood Circle,Wangqingtuo
Chariot,Jaquiss,cjaquiss87@163.com,88 Roxbury Place,Pisarzowice
Daryl,Livens,dlivens88@myspace.com,67694 Mccormick Plaza,Tene
Douglas,Bubbins,dbubbins89@shinystat.com,5 Glendale Alley,Sanquan
Aundrea,Sherringham,asherringham8a@ca.gov,926 Menomonie Place,Cururupu
Donnie,Tinson,dtinson8b@cbc.ca,327 Carioca Avenue,Ransang
Helena,Loch,hloch8c@mediafire.com,40111 Nancy Center,Qiman
Daisi,Kilduff,dkilduff8d@statcounter.com,48953 Ridgeview Road,Shangde
Uriel,Elfes,uelfes8e@ca.gov,21 Dixon Park,Chernomorets
Beitris,Musprat,bmusprat8f@apache.org,90608 Fulton Street,Brunssum
Clementius,Bell,cbell8g@exblog.jp,77 Ludington Trail,Shelabolikha
Gordon,Langeley,glangeley8h@mozilla.com,1398 Westridge Park,Cúcuta
Brandise,McMurdo,bmcmurdo8i@photobucket.com,2231 Buell Center,Bello
Emma,Mabson,emabson8j@digg.com,424 Pond Plaza,Klenovyy
Fremont,Luxon,fluxon8k@umich.edu,7 Gulseth Alley,San Cristóbal Cucho
Leroy,Splaven,lsplaven8l@bravesites.com,5 Forest Crossing,Sishan
Briny,Tanby,btanby8m@google.nl,3488 Scofield Hill,São José do Rio Pardo
Hestia,Dugald,hdugald8n@tripod.com,6 Lake View Road,Vurğun
Teddy,Ceschini,tceschini8o@mashable.com,0 Laurel Junction,Al Mazra‘ah
Axe,Thoumasson,athoumasson8p@w3.org,995 Monica Lane,Sang-e Māshah
Kiersten,Moylan,kmoylan8q@1688.com,3 Linden Circle,Bolorejo
Ira,Story,istory8r@shareasale.com,7 High Crossing Center,Fenoarivo Be
Irvine,Voice,ivoice8s@canalblog.com,396 Roth Trail,Jianshan
Justinn,Moakson,jmoakson8t@google.de,586 Hazelcrest Parkway,Xiangfu
Othelia,Longdon,olongdon8u@upenn.edu,24 Lunder Pass,Yamango
Nancie,Tomaschke,ntomaschke8v@ed.gov,397 Fairview Road,Chiduo
Etienne,Bickardike,ebickardike8w@github.com,317 Blaine Place,Mafraq
Brear,Pleat,bpleat8x@woothemes.com,6 Melby Terrace,Deir Ḥannā
Lou,Crumby,lcrumby8y@slashdot.org,60904 Dixon Hill,Islāmkot
Chaddy,Ismail,cismail8z@macromedia.com,2029 Ridgeway Avenue,Sysert’
Loise,Daniello,ldaniello90@ft.com,540 Doe Crossing Street,Yong’an
Flss,Collomosse,fcollomosse91@yale.edu,914 Northport Circle,Panshi
Hermy,Rushby,hrushby92@friendfeed.com,224 Delladonna Junction,Neresnytsya
Corrinne,Kern,ckern93@reddit.com,3 Gerald Terrace,Uchiza
Alexander,Josifovic,ajosifovic94@google.it,3 Moland Park,Al Mughayyir
Dalila,McEwen,dmcewen95@tinyurl.com,917 Beilfuss Road,General Martín Miguel de Güemes
Evy,Blackden,eblackden96@blogtalkradio.com,14364 Bluestem Way,Santa Elena
Flory,Chadwin,fchadwin97@163.com,52 Hanson Crossing,Tanggungrejo
Brunhilde,Linkleter,blinkleter98@taobao.com,52924 Lake View Junction,Portão
Yehudit,Apps,yapps99@noaa.gov,4757 Center Street,Diébougou
Cathee,Crossby,ccrossby9a@soundcloud.com,82424 Myrtle Trail,Desa Margaluyu
Dorolice,Rolinson,drolinson9b@google.nl,73 Lunder Road,Wangdian
Carmine,Landreth,clandreth9c@telegraph.co.uk,5 Glendale Hill,Langzhong
Lowell,Ossenna,lossenna9d@globo.com,21409 Darwin Street,Rosario
Aron,Behling,abehling9e@mail.ru,99 Kennedy Road,Pābna
Dorella,Matzkaitis,dmatzkaitis9f@shutterfly.com,1 Forest Run Plaza,Itinga
Edee,Runnacles,erunnacles9g@cdbaby.com,86 American Alley,Bethal
Ware,Perl,wperl9h@jalbum.net,2 Center Plaza,Řehlovice
Pyotr,Gleadhell,pgleadhell9i@columbia.edu,77 Old Gate Park,Arjasari
Georgie,Ham,gham9j@msn.com,4062 Chive Hill,Santuario
Trudy,Powderham,tpowderham9k@wufoo.com,5970 Melby Road,Lovas
Arlena,Sybry,asybry9l@phpbb.com,248 Canary Avenue,Puerto Quellón
Carey,Amps,camps9m@soundcloud.com,84 Bultman Parkway,Bang Mun Nak
Rebekah,Beards,rbeards9n@utexas.edu,4352 Rutledge Junction,Chengxiang
Wilmette,Broggini,wbroggini9o@rambler.ru,139 Goodland Crossing,Newlands
Brocky,Lytlle,blytlle9p@photobucket.com,97 Tomscot Alley,Puerto Galera
Chandal,Wisham,cwisham9q@de.vu,07 Summit Place,Quimper
Kalindi,Benit,kbenit9r@wordpress.com,1247 Nelson Road,Heichengzi
Irwin,Mattiussi,imattiussi9s@eepurl.com,62329 Schurz Trail,San Juan Bautista
Iormina,Deeks,ideeks9t@booking.com,96 High Crossing Drive,Mae Lan
Lynna,Berendsen,lberendsen9u@fastcompany.com,0193 8th Court,Megalópoli
Poul,Faye,pfaye9v@yellowpages.com,9 Dahle Pass,Kiangan
Emlen,Filippucci,efilippucci9w@timesonline.co.uk,9193 Walton Drive,Colonias Unidas
Courtnay,Whall,cwhall9x@berkeley.edu,2880 Wayridge Place,Bến Cầu
Rufus,Clapp,rclapp9y@nifty.com,963 Buell Alley,Kuching
Eunice,Peters,epeters9z@woothemes.com,26 Oak Valley Terrace,Ciperang
Tim,Simek,tsimeka0@umn.edu,18811 Karstens Junction,Krajan Srigonco
Sterling,Zottoli,szottolia1@bbc.co.uk,34 Sachtjen Avenue,Okhtyrka
Yvon,De Hooch,ydehoocha2@cam.ac.uk,74 Lawn Street,Pinar del Río
Garrik,Austwick,gaustwicka3@usda.gov,1 Mallard Avenue,Tambarangan
Early,Falkus,efalkusa4@aol.com,78 Dixon Lane,Shigu
Marnie,Acaster,macastera5@hao123.com,0701 Dovetail Drive,Bonn
Pip,Stealey,pstealeya6@wikia.com,3 Cambridge Point,Aldeia da Bela Vista
Klara,Lansley,klansleya7@guardian.co.uk,15 Holy Cross Park,Nangang
Dar,Kelloch,dkellocha8@smh.com.au,53914 Ridgeway Way,Sidirókastro
Ruby,Cast,rcasta9@deliciousdays.com,2965 Upham Point,Potrerillos Arriba
Franny,Milius,fmiliusaa@feedburner.com,5 Huxley Trail,Oslo
Dorette,Wilber,dwilberab@cbslocal.com,1893 Hanover Hill,Mo I Rana
Tailor,Dankov,tdankovac@senate.gov,225 Goodland Avenue,Bailiang
Inger,Shortall,ishortallad@bandcamp.com,099 Sommers Place,Pajak
Olly,Crudginton,ocrudgintonae@weebly.com,9 Warner Street,Szelków
Lynn,Kleinhandler,lkleinhandleraf@google.de,3429 Arkansas Place,Gongli
Cosmo,Ellings,cellingsag@google.it,21 Stang Alley,Rancagua
Kaycee,Amies,kamiesah@irs.gov,036 Luster Way,Obertyn
Goldina,Beeckx,gbeeckxai@smh.com.au,13 Lillian Road,Wat Sing
Blondie,Manginot,bmanginotaj@purevolume.com,61384 Dottie Court,Quezon City
Ulrick,Roalfe,uroalfeak@lycos.com,23231 Farwell Alley,Le Blanc-Mesnil
Konstance,MacBean,kmacbeanal@wordpress.com,749 Harper Lane,Ōhara
Samuel,Polleye,spolleyeam@cloudflare.com,140 Linden Alley,San Antonio
Margaretha,Bartolomeoni,mbartolomeonian@blogspot.com,57492 Morning Center,Partizan
Tiertza,Chitson,tchitsonao@howstuffworks.com,31 Bobwhite Trail,Damiao
Thomasina,Syrett,tsyrettap@sitemeter.com,78 Maywood Terrace,Zhyrovichy
Emanuel,Greson,egresonaq@ning.com,48 Hintze Road,Ziketan
Jermaine,Hatton,jhattonar@google.com.br,42 Grasskamp Way,Dongfanghong
Brigid,Corter,bcorteras@mapquest.com,1279 Grover Circle,Síkinos
Rosco,Lodden,rloddenat@digg.com,00410 Prairie Rose Park,Ciampea
Thorvald,Rubinsaft,trubinsaftau@nyu.edu,67 Sunbrook Point,Las Americas
Leann,Franken,lfrankenav@naver.com,530 Union Parkway,Nîmes
Godfry,Nevinson,gnevinsonaw@ucoz.ru,09507 Farwell Lane,Spring
Micah,Bannister,mbannisterax@chicagotribune.com,845 Pawling Hill,Kyshtym
Augustine,Munby,amunbyay@nasa.gov,32809 Sage Parkway,Pavlovka
Jeana,Aylmer,jaylmeraz@mac.com,08544 Southridge Point,Pagaden
Kelly,Garbott,kgarbottb0@independent.co.uk,82 Banding Junction,Selebi-Phikwe
Nisse,Gritton,ngrittonb1@fc2.com,1274 Bashford Court,Berezayka
Jaimie,Gaunt,jgauntb2@myspace.com,44 North Pass,Conceição da Feira
Kinsley,Mantione,kmantioneb3@yellowbook.com,45256 Shoshone Park,Livramento
Tony,Greenlees,tgreenleesb4@canalblog.com,79 Glendale Drive,Wenci
Ellsworth,Smerdon,esmerdonb5@t.co,4887 Mcguire Point,Weiyanggong
Gretel,Aldrin,galdrinb6@europa.eu,9 Swallow Plaza,Kosino
Jillana,Yeo,jyeob7@si.edu,62140 Fremont Park,Guruafin
Sylvia,Prando,sprandob8@newyorker.com,4521 Arapahoe Way,Cikadu
Thibaut,Hacun,thacunb9@walmart.com,3372 Nancy Crossing,Mendes
Eadmund,Gethen,egethenba@ifeng.com,486 Express Street,Tervel
Haven,Arnson,harnsonbb@microsoft.com,3694 Bunting Avenue,Paris 12
Pall,Elsegood,pelsegoodbc@independent.co.uk,61038 Hazelcrest Center,Dūkštas
Jon,Kubicek,jkubicekbd@free.fr,7 Old Shore Lane,Luntas
Earl,Belch,ebelchbe@telegraph.co.uk,7 Moland Lane,Sūq Şirwāḩ
Jeanne,Rzehorz,jrzehorzbf@yandex.ru,28 Graceland Drive,Veghel
Benjamin,Avrasin,bavrasinbg@nhs.uk,11 Glacier Hill Alley,Mosal’sk
Nicolea,Juggings,njuggingsbh@dyndns.org,3971 Carioca Court,Bulu
Floris,Whelband,fwhelbandbi@gmpg.org,59 Schlimgen Crossing,Chengxi
Wainwright,Siely,wsielybj@ca.gov,60 Kensington Road,Kyrylivka
Dorelle,Hocking,dhockingbk@utexas.edu,7 Fordem Pass,Buin
Alayne,Cattellion,acattellionbl@networksolutions.com,44 1st Court,Thị Trấn Ngọc Lặc
Leora,Leighfield,lleighfieldbm@xing.com,939 Sullivan Park,Baoji
Lina,Slixby,lslixbybn@howstuffworks.com,134 Pepper Wood Park,Klang
Tildi,Koppke,tkoppkebo@canalblog.com,1 Pearson Pass,Az Zawr
Brooke,Beeken,bbeekenbp@networkadvertising.org,169 Garrison Place,Chating
Ivie,Puckrin,ipuckrinbq@google.co.jp,2 Clove Pass,Ouango
Nelli,Skittle,nskittlebr@fc2.com,1634 Eastwood Point,Vännäs
Jerrylee,Misson,jmissonbs@live.com,80017 Lighthouse Bay Drive,Rendian
Nanci,Chesley,nchesleybt@xing.com,9 Petterle Place,Bemposta
Eve,Rawlin,erawlinbu@sohu.com,667 Service Plaza,Yanggu’ao
Daloris,Tooth,dtoothbv@ehow.com,75 Merrick Avenue,Mineiros
Pepillo,Greensall,pgreensallbw@unesco.org,18 Toban Point,Carauari
Maybelle,Collymore,mcollymorebx@ca.gov,3 Menomonie Pass,Beberon
Gale,Rottgers,grottgersby@wikia.com,66984 Welch Circle,Cana Chapetón
Becca,Kleinplatz,bkleinplatzbz@example.com,918 Cottonwood Junction,Gangkoujie
Tabbie,Mathy,tmathyc0@salon.com,844 Evergreen Junction,Argotirto Krajan
Dugald,Filipov,dfilipovc1@sfgate.com,5383 Nancy Junction,Sawahan
Billy,Thurby,bthurbyc2@utexas.edu,5 Dryden Alley,Cerro de Pasco
Carena,Baigent,cbaigentc3@mozilla.org,22742 Oneill Hill,Zambrów
Evin,Hanmer,ehanmerc4@bizjournals.com,49 Rieder Plaza,Khāndbāri
Rhys,Extal,rextalc5@shareasale.com,228 Armistice Trail,Lüfeng
Mandy,Rebichon,mrebichonc6@wordpress.org,693 Spenser Place,Phunphin
Rennie,Jachimak,rjachimakc7@jiathis.com,45 Oriole Terrace,St. Thomas
Nell,Cull,ncullc8@phoca.cz,05415 Springview Street,Wodzisław Śląski
Enoch,Hendron,ehendronc9@ed.gov,4 Sachs Park,Vila Flor
Sonnie,Woodvine,swoodvineca@icq.com,55 Bowman Crossing,Ostrowite
Cyndia,Gilding,cgildingcb@army.mil,52343 Muir Avenue,Gorodets
Lynnett,Gerty,lgertycc@msu.edu,3 Cordelia Point,Kampungmasjid
Tabbie,Lount,tlountcd@google.com.br,49 Harper Way,Bagacay
Celestyn,Ather,catherce@theglobeandmail.com,91 Shasta Parkway,Qinghua
Jule,Fyndon,jfyndoncf@cisco.com,543 Shopko Trail,Vanderhoof
Jarib,Bertson,jbertsoncg@bloomberg.com,8 Russell Avenue,Paris 12
Elisa,Cersey,ecerseych@youtube.com,12 Westend Point,Sigaboy
Myrilla,Byrch,mbyrchci@sakura.ne.jp,32 Raven Alley,Zhaolingpu
Colman,Outridge,coutridgecj@ask.com,88 Norway Maple Road,Bunisari
Renato,Simondson,rsimondsonck@prweb.com,4 Annamark Avenue,Lijia
Evelin,Durrad,edurradcl@senate.gov,5 Aberg Junction,Nancha
Yvette,Griffoen,ygriffoencm@discovery.com,66 Crowley Center,Montceau-les-Mines
Ransell,Weinham,rweinhamcn@vimeo.com,6781 Mariners Cove Junction,Los Angeles
Deane,Birk,dbirkco@imageshack.us,3 Springs Alley,Muñoz East
Jasmin,Snookes,jsnookescp@fema.gov,6 Vidon Point,Castêlo
Bent,Kemell,bkemellcq@goodreads.com,14 Morrow Park,Quintães
Anthia,Eixenberger,aeixenbergercr@cnbc.com,389 Twin Pines Place,Sandur
Saleem,Vickerstaff,svickerstaffcs@unc.edu,643 Hooker Hill,San Jose
Franciska,Gillow,fgillowct@instagram.com,38994 Cottonwood Park,Mabilang
Gil,Overnell,governellcu@example.com,7 Eagan Terrace,Kamubheka
Tadeas,Claeskens,tclaeskenscv@parallels.com,71 Northport Crossing,Ouro Branco
Ilyssa,Hirschmann,ihirschmanncw@jugem.jp,69382 6th Way,Dajasongai
Lissie,Pasby,lpasbycx@eventbrite.com,03 Gale Road,Xinxing
Derek,Musso,dmussocy@phpbb.com,808 Stuart Center,'s-Hertogenbosch
Raynard,Woller,rwollercz@instagram.com,653 Roxbury Park,Billings
Helen-elizabeth,Gorrick,hgorrickd0@google.cn,712 Corscot Point,Lampitak
Uriah,Gunn,ugunnd1@e-recht24.de,8236 3rd Pass,Suicheng
Corey,O'Mannion,comanniond2@bbc.co.uk,6 Mcguire Point,Cabittaogan
Theresina,Speeks,tspeeksd3@ft.com,2490 Schmedeman Drive,Umeå
Martita,Chalker,mchalkerd4@google.com.br,60348 Old Shore Circle,Kotovo
Sosanna,Gadie,sgadied5@ustream.tv,37065 Katie Avenue,Cilangla
Gay,Syddall,gsyddalld6@bizjournals.com,6 Rusk Parkway,Sepanjang
Trenna,Treace,ttreaced7@facebook.com,54 Lighthouse Bay Trail,Roma
Lezley,Finlay,lfinlayd8@slideshare.net,83 Straubel Pass,Koua
Glen,Feechum,gfeechumd9@bloglines.com,049 Messerschmidt Circle,Qaraçuxur
Terrell,Bullock,tbullockda@ehow.com,2339 Havey Junction,Doug An
Hakeem,Blagburn,hblagburndb@ycombinator.com,6297 Morning Avenue,Murganhal
Yurik,Kaemena,ykaemenadc@ucoz.ru,79 Mosinee Pass,Çepan
Donaugh,Kinnoch,dkinnochdd@slashdot.org,464 Hanson Point,Zipaquirá
Meagan,Legging,mleggingde@miitbeian.gov.cn,9 Twin Pines Center,Sankt Lorenzen im Mürztal
Galven,Yourell,gyourelldf@godaddy.com,2 Towne Center,Dayang
Cynthie,Westcot,cwestcotdg@miibeian.gov.cn,06797 Eastlawn Trail,Jiannan
Redd,Monini,rmoninidh@google.nl,88928 Badeau Road,Leśna Podlaska
Malvin,Huckle,mhuckledi@google.co.jp,569 Blackbird Parkway,Vohibinany
Adaline,Fillis,afillisdj@w3.org,0382 Riverside Trail,Bo Phloi
Base,Jost,bjostdk@mozilla.com,4 David Place,Newport Beach
Dorian,Orrum,dorrumdl@patch.com,07472 Bartelt Terrace,Kōchi-shi
Vinny,Mattiazzo,vmattiazzodm@webnode.com,7515 Carpenter Place,Guider
Philly,Devitt,pdevittdn@arizona.edu,08 Northfield Drive,Srokowo
Franny,McGonigle,fmcgonigledo@xrea.com,60521 Dayton Plaza,Leeuwarden
Enrika,Duplock,eduplockdp@addthis.com,37 Sloan Plaza,Luau
Delinda,Grayham,dgrayhamdq@ehow.com,656 Donald Terrace,Mandal
Gustave,Allsop,gallsopdr@alexa.com,696 John Wall Circle,Aberdeen
Haskell,Densham,hdenshamds@mlb.com,8 Caliangt Point,Tongxing
Cara,Stoad,cstoaddt@intel.com,7 Crescent Oaks Crossing,Kumalarang
Nelia,Rosengarten,nrosengartendu@altervista.org,047 Village Road,Wangjiachang
Holli,Goodey,hgoodeydv@bbc.co.uk,09 Bluestem Avenue,Prapen
Linus,Bruty,lbrutydw@java.com,55833 Dottie Parkway,Semikarakorsk
Aigneis,Gannaway,agannawaydx@nydailynews.com,51 East Terrace,Makadi Bay
Hamlin,Playden,hplaydendy@behance.net,1 Shelley Way,Blagodarnyy
Chrissie,MacVay,cmacvaydz@stanford.edu,43918 Cody Terrace,Wencheng
Lindy,Burel,lburele0@freewebs.com,5 Emmet Point,Huangmu
Chrisse,Nelthrop,cnelthrope1@mapy.cz,0126 International Street,Kaom
Norina,Abden,nabdene2@printfriendly.com,8 Northport Pass,Cabeçudos
Stephanus,Finlayson,sfinlaysone3@google.com,889 Eagle Crest Park,Majiao
Hollie,Gartell,hgartelle4@drupal.org,972 Riverside Place,Bembèrèkè
Charleen,Buckenham,cbuckenhame5@mysql.com,62 Red Cloud Road,Gaozhuang
Isa,Knee,ikneee6@apache.org,11 Center Road,Huang’ao
Garvy,D'Almeida,gdalmeidae7@imageshack.us,46 Graedel Alley,Tsil’na
Rosemary,Brugger,rbruggere8@cyberchimps.com,2339 Prairieview Pass,Kakamega
Benetta,Spincks,bspinckse9@comsenz.com,0 Hallows Place,Ariquemes
Hana,Zellick,hzellickea@howstuffworks.com,7820 Eagle Crest Pass,Lyubertsy
Nanette,Doey,ndoeyeb@bing.com,9 Everett Park,Keli
Sheila,Armiger,sarmigerec@vinaora.com,6 Spaight Parkway,Amouguer
Delilah,Pine,dpineed@imgur.com,7 Jackson Circle,Huangshi
Giffie,Leyes,gleyesee@scientificamerican.com,1 Rowland Drive,Ban Chalong
Kellia,Roxby,kroxbyef@mozilla.com,4 Commercial Drive,Zuocun
Alverta,McEwan,amcewaneg@usda.gov,01 Grasskamp Center,Outeiro Seco
Lem,Gurney,lgurneyeh@nsw.gov.au,5540 Annamark Drive,Kongoussi
Jule,Sizzey,jsizzeyei@umich.edu,95 Meadow Ridge Terrace,Fudian
Meredithe,Dorrington,mdorringtonej@marriott.com,6 Superior Point,Lela
Malchy,Treagust,mtreagustek@cpanel.net,03 Scofield Plaza,Ramain
Stacie,MacAlpyne,smacalpyneel@apple.com,9 Lindbergh Park,Neebing
James,Dyers,jdyersem@icq.com,42249 Donald Terrace,Tororo
Arie,Durante,aduranteen@businesswire.com,324 Fairview Plaza,Bunisari
Tobey,Gartrell,tgartrelleo@fotki.com,89 Kensington Way,Oss
Caria,Rusbridge,crusbridgeep@1688.com,3 Esker Avenue,Nalus
Candida,Quoit,cquoiteq@clickbank.net,59 Hoffman Trail,Mangqu
Margareta,Follit,mfolliter@storify.com,78 Merchant Center,Gunungmanik
Lanny,Bosomworth,lbosomworthes@mit.edu,1 Fairfield Way,Baie-Saint-Paul
Marietta,Harfleet,mharfleetet@360.cn,0 Ridgeway Lane,Gachalá
Othilia,Finlow,ofinloweu@opensource.org,65 Green Road,Carot
Alica,Meindl,ameindlev@about.com,381 Erie Plaza,Baibu
Andria,Bunworth,abunworthew@networksolutions.com,5 Green Street,Wólka Pełkińska
Jenica,O'Griffin,jogriffinex@ebay.com,7834 Scott Parkway,Sabaneta
Morgun,Alenichicov,malenichicovey@slideshare.net,5944 Rockefeller Plaza,Tournan-en-Brie
Shae,Adame,sadameez@state.gov,3 Stephen Way,Klyetsk
Cori,Micka,cmickaf0@yolasite.com,96 6th Road,Alingsås
Kelley,Houndson,khoundsonf1@skype.com,5 Tennessee Point,Kashihara
Kimberly,Cheney,kcheneyf2@vistaprint.com,23 Barby Hill,Contraalmirante Cordero
Don,Wanell,dwanellf3@livejournal.com,55708 Stone Corner Plaza,Heby
Vallie,Whitlam,vwhitlamf4@upenn.edu,6402 Heffernan Drive,Haozhai
Morissa,Glyde,mglydef5@google.nl,4969 Beilfuss Way,Fukuchiyama
Herschel,Gymblett,hgymblettf6@themeforest.net,39 2nd Road,Uiasa
Sheelah,Tomaini,stomainif7@who.int,82433 Ludington Trail,Novopokrovskaya
Roby,Blaiklock,rblaiklockf8@time.com,9 Sage Park,Litvínovice
Giacomo,Iseton,gisetonf9@zdnet.com,35 Riverside Drive,Correia Pinto
Dalli,Ollier,dollierfa@umn.edu,1 Drewry Parkway,Pedraza
Baily,Boule,bboulefb@hud.gov,9552 Granby Lane,Glinka
Terrance,Arnall,tarnallfc@umn.edu,059 Maple Wood Road,Budapest
Sharona,Lamplugh,slamplughfd@thetimes.co.uk,4224 Mayer Way,Sampués
Brittaney,Tarry,btarryfe@slate.com,5 Kenwood Drive,Barra de São Francisco
Mildred,Braunfeld,mbraunfeldff@diigo.com,18 Mosinee Crossing,Sikonge
Drew,Vanelli,dvanellifg@google.ru,214 Amoth Parkway,Sumbersari Wetan
Ralph,Beaument,rbeaumentfh@theglobeandmail.com,0 Moland Way,Letuyi
Arlyne,Pedrollo,apedrollofi@baidu.com,108 Granby Circle,Farsta
Nora,Forcer,nforcerfj@abc.net.au,967 Donald Crossing,Luisiana
Ronalda,Trudgian,rtrudgianfk@huffingtonpost.com,1 Lotheville Place,Villa Ascasubi
Alleen,Lengthorn,alengthornfl@stanford.edu,18 Bunker Hill Trail,Muldersdriseloop
Belle,Giampietro,bgiampietrofm@tinyurl.com,2 Fulton Alley,Krolevets’
Rochelle,Budget,rbudgetfn@independent.co.uk,863 Schlimgen Street,Zilupe
Florry,Davidsohn,fdavidsohnfo@sitemeter.com,6 Lakewood Gardens Crossing,Banff
Eydie,Mikalski,emikalskifp@businesswire.com,160 David Place,Houston
Maddalena,Povele,mpovelefq@i2i.jp,120 Shoshone Junction,Ivouani
Marguerite,Cordy,mcordyfr@deliciousdays.com,273 Macpherson Terrace,Leipzig
Nicolas,Biddy,nbiddyfs@xinhuanet.com,35 Bluestem Place,Lahoysk
Bella,Livick,blivickft@kickstarter.com,8 Daystar Court,Mafra
Sibilla,Bysouth,sbysouthfu@g.co,11562 Sugar Drive,Västerås
Abey,Jeanon,ajeanonfv@hc360.com,1879 Hallows Way,Figueiró dos Vinhos
Vale,Bartolini,vbartolinifw@dot.gov,71588 Luster Place,Gushan
Delcina,Bundey,dbundeyfx@sbwire.com,5560 Blue Bill Park Alley,Combita
Kenn,Riche,krichefy@sitemeter.com,5033 Northport Terrace,Valença
Shelden,Syddon,ssyddonfz@skype.com,48 Mesta Drive,Helsingborg
Gael,Hopfner,ghopfnerg0@msn.com,1 Bunting Center,San Alberto
Rodolfo,Hellewell,rhellewellg1@jimdo.com,7 Sutteridge Road,Šenkovec
Noble,Lanchberry,nlanchberryg2@mac.com,3 Norway Maple Crossing,Hŭngnam
Adolpho,Drysdell,adrysdellg3@privacy.gov.au,22 Westerfield Alley,Porsgrunn
Jude,Van Haeften,jvanhaefteng4@sphinn.com,86991 Anzinger Alley,Gaotian
Norina,Estabrook,nestabrookg5@slate.com,86 Mallory Circle,Sacsamarca
Horton,Tuckey,htuckeyg6@deviantart.com,723 Crescent Oaks Trail,Hedian
Alison,Lamkin,alamking7@sogou.com,66 Sheridan Parkway,Karpushikha
Willow,Helix,whelixg8@over-blog.com,1 Hazelcrest Lane,Fanyang
Vale,Lecky,vleckyg9@si.edu,3 Delladonna Terrace,Rudong
Kathie,Selly,ksellyga@pbs.org,91 Red Cloud Lane,Novokhopërsk
Serge,Blanc,sblancgb@amazon.com,07556 Mallory Crossing,Ojos de Agua
Kerri,Hover,khovergc@slideshare.net,484 Springview Road,Phumĭ Véal Srê
Myrlene,Whitefoot,mwhitefootgd@rambler.ru,298 Huxley Avenue,Solok Timur
Lilian,Courtier,lcourtierge@51.la,8 Lillian Terrace,Vale Flores
Aretha,Mulqueen,amulqueengf@naver.com,816 Lyons Trail,Hodkovičky
Adolf,Brotherton,abrothertongg@stumbleupon.com,571 7th Alley,Estribeiro
Briano,Jaine,bjainegh@rediff.com,872 Gerald Point,Wengang
Cesaro,Dallywater,cdallywatergi@yandex.ru,10 Emmet Hill,Kayanza
Channa,Voaden,cvoadengj@de.vu,17 Nova Lane,Cerkvenjak
Anna-maria,Pay,apaygk@unc.edu,948 Armistice Plaza,Hualong
Suzanne,Jerg,sjerggl@dailymotion.com,8001 Esch Parkway,Hashimoto
Elvis,Maddick,emaddickgm@google.es,2 Bunting Street,El Potrero
Auguste,Broadnicke,abroadnickegn@imgur.com,85 Killdeer Court,Languan
Bradley,Woolvett,bwoolvettgo@github.com,68 Thompson Plaza,Dugu
Gayle,Binning,gbinninggp@topsy.com,2 Westport Avenue,Haicheng
Ardella,Starford,astarfordgq@china.com.cn,24079 Delladonna Street,Turbo
Angelina,Farreil,afarreilgr@weebly.com,99 Sheridan Drive,Begang
Carlyn,Campaigne,ccampaignegs@ehow.com,1 Butterfield Circle,Bù Đốp
Jonis,Bellson,jbellsongt@scribd.com,601 Upham Avenue,Storozhynets’
Othella,Pattlel,opattlelgu@newyorker.com,3 Transport Road,White City
Ameline,Dewen,adewengv@springer.com,5608 Memorial Point,Mangunjaya
Kesley,Oldam,koldamgw@cnn.com,56 Buena Vista Court,Kratovo
Natty,France,nfrancegx@ucoz.ru,3651 Burrows Alley,Bayan Qagan
Cairistiona,Bibey,cbibeygy@rambler.ru,28235 Steensland Park,Jiutai
Kathryne,Hartus,khartusgz@google.com,104 Larry Plaza,Morávka
Sigismondo,Eburah,seburahh0@baidu.com,7 Manitowish Court,Tarnogskiy Gorodok
Garland,Redmile,gredmileh1@xing.com,947 Parkside Lane,Balakhta
Crin,Jeffers,cjeffersh2@chron.com,10275 Dapin Place,Reims
Joete,Mardee,jmardeeh3@tinypic.com,45426 Bashford Parkway,Franceville
Miner,Abden,mabdenh4@china.com.cn,168 Morningstar Point,Yamoto
Kristos,Eagers,keagersh5@hugedomains.com,621 Westport Road,20 de Noviembre
Herve,Wellwood,hwellwoodh6@chron.com,65 Annamark Road,Mondokan
Rosamund,Baskeyfied,rbaskeyfiedh7@slashdot.org,74 Springs Hill,Añatuya
Joby,Batchan,jbatchanh8@bluehost.com,142 Brentwood Center,Volovets
Luella,Bennike,lbennikeh9@newsvine.com,69584 Atwood Trail,Bandundu
Maurene,Scarffe,mscarffeha@altervista.org,58903 Hovde Drive,Dijon
Betteann,Corson,bcorsonhb@constantcontact.com,148 Oxford Crossing,Närpes
Hayward,Dilley,hdilleyhc@vkontakte.ru,0879 Stang Road,Goianésia
Cherrita,Arnholz,carnholzhd@admin.ch,443 Derek Center,Psáry
Germain,Neaverson,gneaversonhe@google.com.au,74073 Kedzie Road,Bendo
Shirline,Foxen,sfoxenhf@people.com.cn,14 Marcy Way,Isnos
Tootsie,Swinfen,tswinfenhg@ocn.ne.jp,3456 Roth Trail,Campinas
Rosie,Money,rmoneyhh@cmu.edu,4 Utah Center,Fenkeng
Maryrose,Ciccerale,mcicceralehi@nationalgeographic.com,891 Claremont Plaza,Nangakeo
Uri,Huband,uhubandhj@walmart.com,97 Granby Avenue,Hamada
Marylynne,Schollar,mschollarhk@angelfire.com,13 Lighthouse Bay Point,Balīlā
Colet,Wither,cwitherhl@virginia.edu,76135 Elgar Hill,Tanagara
Freida,Bentley,fbentleyhm@deliciousdays.com,58 New Castle Lane,Ketapang
Amelie,Shapira,ashapirahn@noaa.gov,521 Mosinee Court,Buy
Kellen,Stiggles,kstigglesho@oracle.com,49 Ryan Place,Butha-Buthe
Ashlan,Aleshkov,aaleshkovhp@guardian.co.uk,77320 Trailsway Lane,Monteiro
Giacobo,Lambersen,glambersenhq@ucoz.com,7874 Grim Road,Malayal
Riva,Alderson,raldersonhr@wix.com,76246 Sundown Road,Mar’’ina Horka
Lucio,Maude,lmaudehs@storify.com,1160 Brown Street,Baoxing
Guendolen,Mapledoore,gmapledooreht@thetimes.co.uk,92 Oneill Point,Haylaastay
Thorin,De la Barre,tdelabarrehu@bigcartel.com,0257 Bunker Hill Trail,Mao
Lolly,Di Pietro,ldipietrohv@harvard.edu,76 Merrick Park,Shipu
Alfredo,Overthrow,aoverthrowhw@dion.ne.jp,04 Packers Hill,Mikhaylovsk
Carmen,Teague,cteaguehx@japanpost.jp,66840 Carberry Alley,Yaozhuang
Noemi,McCleary,nmcclearyhy@sbwire.com,40663 Blue Bill Park Pass,Jawornik
Abigale,Donativo,adonativohz@netlog.com,7904 Kropf Circle,Shendang
Moise,Leyre,mleyrei0@unc.edu,118 Maywood Crossing,Jankovec
Rainer,Klewer,rkleweri1@statcounter.com,4512 Corben Trail,San Francisco
Cymbre,Sellick,csellicki2@google.fr,203 Meadow Valley Junction,Berehomet
Bjorn,Skiggs,bskiggsi3@technorati.com,13 Golf Course Way,Upper San Mateo
Dag,Pillinger,dpillingeri4@theatlantic.com,472 West Pass,Atlanta
Esme,Regglar,eregglari5@jimdo.com,00874 Coleman Center,Saint-Claude
Katherina,Howells,khowellsi6@acquirethisname.com,0 Montana Road,El Limon
Bride,Legrice,blegricei7@mashable.com,78 Forest Run Trail,Qingshan
Abby,Leadley,aleadleyi8@sourceforge.net,28 Hovde Court,Mthatha
Brenda,Guilliatt,bguilliatti9@ow.ly,47 Susan Alley,Pontevedra
Cynthea,Eilhertsen,ceilhertsenia@goo.gl,76867 Anhalt Circle,Akankpa
Brannon,Spackman,bspackmanib@acquirethisname.com,2448 Kim Street,Ventersburg
Muffin,Tyre,mtyreic@archive.org,0 3rd Plaza,Elato
Nikolia,Caldroni,ncaldroniid@tamu.edu,1 Ridge Oak Crossing,San Antonio
Maye,Pinchbeck,mpinchbeckie@oracle.com,220 Redwing Hill,Havtsal
Zeb,Drynan,zdrynanif@geocities.com,759 Doe Crossing Crossing,Phultala
Kathrine,Battisson,kbattissonig@jalbum.net,1 Rigney Point,Salinas
Krystle,Rulf,krulfih@ameblo.jp,55 Springview Center,Yongheshi
Lindsey,Bodsworth,lbodsworthii@ameblo.jp,4300 Hollow Ridge Junction,Jiujie
Tani,Pomfrey,tpomfreyij@state.gov,8939 Nova Plaza,Ti-n-Essako
Quint,Hearnshaw,qhearnshawik@webmd.com,25388 Killdeer Pass,Haukipudas
Sheri,Angelo,sangeloil@jugem.jp,69 Heffernan Point,Dagupan
Allen,Valentin,avalentinim@techcrunch.com,604 Village Trail,Yujin
Briney,Rutland,brutlandin@histats.com,2 Pennsylvania Hill,Villa María
Claudian,Bonifazio,cbonifazioio@over-blog.com,9941 Hansons Drive,Panjerrejo
Maye,Aleksankin,maleksankinip@ameblo.jp,960 Marquette Circle,La Curva
Lorena,Adriani,ladrianiiq@slate.com,85 Pine View Way,Cibenda
Cristen,Sobey,csobeyir@boston.com,4 Oneill Road,Guogan
Nixie,Rebillard,nrebillardis@boston.com,45896 Sage Lane,Quinocay
Rouvin,Critchley,rcritchleyit@google.co.uk,351 Bay Crossing,Jieyang
Jammal,McKeller,jmckelleriu@yandex.ru,45762 Hoard Pass,Melaka
Franni,Giblin,fgibliniv@huffingtonpost.com,7 Raven Plaza,Bukid
Madelin,Bridgewater,mbridgewateriw@uol.com.br,714 Oxford Alley,Barra de São Francisco
Dominga,Rippingall,drippingallix@technorati.com,957 Annamark Lane,Cochrane
Jacinta,Lupson,jlupsoniy@cbsnews.com,5095 Bluestem Parkway,Shināş
Katine,Pentycross,kpentycrossiz@bing.com,3141 Monument Court,Baojia
Pail,Josefer,pjoseferj0@ucsd.edu,810 Eastwood Plaza,San Antonio
Adelbert,Benedict,abenedictj1@ebay.com,681 Karstens Hill,Douma
Ryun,McGourty,rmcgourtyj2@shinystat.com,5 Oakridge Center,Sumberan
Kameko,Revens,krevensj3@psu.edu,3232 Dapin Parkway,Cofimvaba
Nona,Tatam,ntatamj4@digg.com,55726 Dorton Drive,Xianxi
Thorn,Oxx,toxxj5@infoseek.co.jp,63743 Hazelcrest Way,Andaray
Jolyn,Chomley,jchomleyj6@diigo.com,9 Ryan Crossing,Gandusari
Jeanette,Litel,jlitelj7@auda.org.au,3 Rowland Hill,Libice nad Cidlinou
Jeni,Tebb,jtebbj8@about.com,04525 Toban Way,Sidi Moussa
Alphonso,Roddick,aroddickj9@hexun.com,2994 Bartelt Road,Makrychóri
Dacy,Hoys,dhoysja@amazon.com,5913 Northport Alley,Buena Esperanza
Adolph,Alam,aalamjb@irs.gov,6 Tennessee Hill,Łubnice
Morgana,Silver,msilverjc@yelp.com,392 Utah Terrace,Caen
Georgie,Muldoon,gmuldoonjd@fema.gov,28421 Algoma Park,Bruxelles
Rodger,Clampett,rclampettje@a8.net,589 Buhler Lane,Bambari
Padraig,Bowdidge,pbowdidgejf@typepad.com,57 Johnson Place,Odolanów
Bev,Malyon,bmalyonjg@youku.com,23539 Sunnyside Avenue,Tonoshō
Talyah,Jacks,tjacksjh@last.fm,84 Lighthouse Bay Lane,Vrangel’
Dorree,Volcker,dvolckerji@dropbox.com,4 Judy Park,Krzykosy
Gigi,Neilan,gneilanjj@youku.com,659 Gina Lane,Legok
Sheffy,Caswell,scaswelljk@infoseek.co.jp,9729 Kennedy Parkway,Iksan
Hube,Spillman,hspillmanjl@reverbnation.com,31080 Anhalt Place,Minami-rinkan
Parnell,Rubin,prubinjm@newyorker.com,0407 Summer Ridge Drive,Thị Trấn Tủa Chùa
Cob,Bricket,cbricketjn@furl.net,6313 Dottie Lane,Kanugrahan
Lancelot,Teresia,lteresiajo@xrea.com,6 Armistice Drive,Songjiang
Esma,Dennis,edennisjp@naver.com,93538 Loomis Alley,Yacheng
Jaimie,Gooderham,jgooderhamjq@cnn.com,67251 Waywood Park,København
Stephie,Dupre,sduprejr@google.fr,5396 Cascade Way,Tshela
Zed,Pennings,zpenningsjs@sciencedirect.com,324 Namekagon Circle,Sahnaiya
Esteban,Camp,ecampjt@who.int,084 Hooker Trail,Wulong
Sigismund,Nolder,snolderju@networkadvertising.org,29 Ilene Court,Raheny
Anastasie,Morcomb,amorcombjv@home.pl,9626 Lotheville Terrace,Carangola
Elmo,O'Growgane,eogrowganejw@canalblog.com,688 Alpine Hill,Sudislavl’
Levin,Blogg,lbloggjx@comsenz.com,40 Melrose Plaza,Malhou
Tatiania,Gobourn,tgobournjy@linkedin.com,8 Transport Junction,Tandil
Trumaine,Upex,tupexjz@chicagotribune.com,07682 Spenser Way,Cầu Gồ
Ingelbert,Loveard,iloveardk0@yellowpages.com,18 Lyons Point,Tailing
Reynolds,Zanneli,rzannelik1@amazon.de,4722 Rusk Street,Ðà Lạt
Felic,Giblett,fgiblettk2@wisc.edu,1077 Atwood Drive,Jianghong
Darnell,Jolland,djollandk3@twitter.com,9644 Fairview Junction,Järfälla
Kial,Berthel,kberthelk4@forbes.com,45133 Logan Terrace,San Antonio
Brian,O'Dunniom,bodunniomk5@house.gov,589 Esch Pass,Hankasalmi
Dillon,Biggin,dbiggink6@examiner.com,3 Eggendart Crossing,Nanortalik
Fransisco,Heinish,fheinishk7@facebook.com,28966 Rutledge Lane,Centralniy
Reagan,Sporton,rsportonk8@bbc.co.uk,007 Homewood Trail,Sadananya
Gayla,Scrange,gscrangek9@cbc.ca,3 Schlimgen Center,Ulanov
Sheila,Blamey,sblameyka@gnu.org,1 Little Fleur Road,Linares
Alleen,Madsen,amadsenkb@list-manage.com,0 Huxley Court,Santa Cruz De Tenerife
Carilyn,Petrelli,cpetrellikc@epa.gov,55705 Kropf Park,Foshan
Lawry,Storm,lstormkd@toplist.cz,78 Charing Cross Street,Orël
Charleen,Hambatch,chambatchke@umn.edu,6 Del Mar Trail,Nzega
Findlay,Poure,fpourekf@apache.org,2867 Scott Avenue,Shijing
Nanine,Tillard,ntillardkg@aol.com,337 Sauthoff Crossing,Colombia
Glynda,Konneke,gkonnekekh@hexun.com,73944 Mendota Hill,Banjar Tengah
Riannon,Riccardi,rriccardiki@huffingtonpost.com,2502 Montana Alley,San Isidro
Allx,Melville,amelvillekj@hubpages.com,10 Burrows Parkway,Houston
Breanne,Pamment,bpammentkk@hud.gov,09284 Valley Edge Terrace,Şaydnāyā
Samaria,Jemmett,sjemmettkl@utexas.edu,10747 Burrows Road,Jingping
Patricia,Meriel,pmerielkm@weebly.com,720 Logan Trail,Babushkin
Dominic,Sarrell,dsarrellkn@noaa.gov,312 Ohio Hill,Pakxé
Kerri,Gabits,kgabitsko@artisteer.com,977 Dayton Road,Socorro
Darrick,Eddolls,deddollskp@netvibes.com,9 Fairfield Trail,Krasnoye
Gerta,Benford,gbenfordkq@zimbio.com,441 Hollow Ridge Plaza,Wudong
Elbertina,Farrah,efarrahkr@forbes.com,211 Loeprich Street,Kavadarci
Valle,Mossop,vmossopks@booking.com,0223 Shelley Lane,Jajaway
Padraig,Melladew,pmelladewkt@illinois.edu,2982 Johnson Park,Chang’an
Keelia,Boylan,kboylanku@telegraph.co.uk,87 Ryan Center,Heka
Nolly,Hayer,nhayerkv@facebook.com,3 Fuller Pass,Hachinohe
Brooke,Spowage,bspowagekw@ezinearticles.com,165 Claremont Lane,Karpogory
Siegfried,Gravett,sgravettkx@newyorker.com,8179 Crescent Oaks Plaza,Vyšší Brod
Clary,Rengger,crenggerky@goo.gl,688 Mendota Drive,Kasturi
Carola,Pavyer,cpavyerkz@java.com,012 Shopko Hill,Jambuir Timur
Blinny,Grigoroni,bgrigoronil0@diigo.com,25649 Hoffman Alley,Pedrogão
Bendite,Erangy,berangyl1@oaic.gov.au,393 Menomonie Trail,Vaulx-en-Velin
Onfroi,Essame,oessamel2@home.pl,5362 Fairfield Avenue,Dongjin
Ash,Seaking,aseakingl3@google.com.br,84 Monica Road,Guapimirim
Carly,Bischoff,cbischoffl4@foxnews.com,1 Haas Court,Banjaranyar
Leanor,Gittens,lgittensl5@wp.com,3947 Elmside Road,Plottier
Philippine,Nassey,pnasseyl6@phoca.cz,2 Tony Plaza,Balīlā
Amalia,Dowson,adowsonl7@soundcloud.com,552 Dixon Plaza,Suan Luang
Pepito,Pady,ppadyl8@chicagotribune.com,115 Waxwing Alley,Malabang
Luca,Maloney,lmaloneyl9@artisteer.com,32352 Carberry Circle,Rudziczka
Obadias,Newby,onewbyla@com.com,9460 Maryland Avenue,Bucheon-si
Zerk,Prew,zprewlb@live.com,38 Rockefeller Drive,Ovidiopol’
Jasmina,Mourant,jmourantlc@phpbb.com,71262 Mallory Crossing,Vicente Guerrero
Iosep,Castagno,icastagnold@cbc.ca,5 Banding Junction,Orsk
Ramsey,Surcomb,rsurcomble@reference.com,094 Pawling Center,Hāsilpur
Shaine,Caret,scaretlf@webs.com,370 Fordem Circle,Nikinci
Thurston,Dadd,tdaddlg@360.cn,816 Onsgard Way,Janakpur
Egon,Sphinxe,esphinxelh@va.gov,22624 Caliangt Court,Velká Bíteš
Vivyanne,McCracken,vmccrackenli@github.com,66 Sundown Trail,Setun’
Aguistin,Southeran,asoutheranlj@goo.gl,8 Prentice Parkway,Pentéli
Dido,Lascell,dlascelllk@networksolutions.com,2237 Heath Hill,Sumberpitu
Konrad,Penhalewick,kpenhalewickll@usda.gov,9 Huxley Trail,Baisha
Ardisj,Cruces,acruceslm@altervista.org,8301 Parkside Parkway,Karapyshi
Kippy,Marmon,kmarmonln@nymag.com,61 Annamark Alley,Shangtang
Donielle,Champness,dchampnesslo@pen.io,071 Susan Way,Fabianki
Yorker,Strand,ystrandlp@ameblo.jp,2 Village Green Alley,Nhà Bàng
Lurleen,Corpe,lcorpelq@washingtonpost.com,85 Meadow Valley Circle,Arcueil
Mignonne,Brownlow,mbrownlowlr@issuu.com,35 Kropf Avenue,Guintubhan
Dolly,Baudinot,dbaudinotls@istockphoto.com,548 Leroy Circle,Kampungraja
Worden,Childers,wchilderslt@goo.gl,9994 Meadow Ridge Hill,Sloboda
Tiebout,Warrick,twarricklu@github.io,37950 Messerschmidt Trail,Tembladera
Meir,Mehmet,mmehmetlv@xinhuanet.com,12830 Harper Center,Czemierniki
Barbie,Janicki,bjanickilw@google.ca,1750 Lien Plaza,Yamagata-shi
Liana,Teaz,lteazlx@accuweather.com,50 Center Pass,Kuaro
Michaeline,Dumbell,mdumbellly@microsoft.com,2847 6th Point,Shalkar
Sallyann,Itskovitz,sitskovitzlz@ucoz.com,5204 School Circle,Chynadiyovo
Elyssa,Danaher,edanaherm0@spotify.com,51295 Eastlawn Court,Yinying
Valida,Firks,vfirksm1@wsj.com,37 Vera Way,São Gonçalo do Amarante
Ashly,Ruf,arufm2@plala.or.jp,91141 Golf View Hill,Campamento
Ludovika,Adolfsen,ladolfsenm3@ifeng.com,9262 Clarendon Way,Carumas
Shani,Summerly,ssummerlym4@cbslocal.com,364 Coolidge Trail,20 de Noviembre
Freeland,Haycroft,fhaycroftm5@plala.or.jp,29 Reindahl Junction,Pedreira
Deana,Orpin,dorpinm6@topsy.com,0 Scott Terrace,Peace River
Denna,Millyard,dmillyardm7@ning.com,68216 Dottie Alley,Wangqingtuo
Ammamaria,Grattage,agrattagem8@amazonaws.com,294 Killdeer Trail,Pendembu
Tootsie,MacMarcuis,tmacmarcuism9@unblog.fr,9688 Buena Vista Hill,Mora
Britt,Pash,bpashma@netscape.com,90 Buhler Drive,Fonseca
Lois,Crucetti,lcrucettimb@sogou.com,23149 Westport Way,San Isidro
Loydie,Fellow,lfellowmc@gravatar.com,36411 Vernon Park,Cibunar
Raff,Gommey,rgommeymd@cyberchimps.com,51272 Artisan Court,Kota Bharu
Neilla,de Leon,ndeleonme@ucoz.com,28690 Huxley Trail,La Rochelle
Shayne,Punt,spuntmf@independent.co.uk,64 Maple Hill,Lizhai
Cam,Lindberg,clindbergmg@1688.com,69 Reindahl Terrace,Fubei
Tessa,Cranidge,tcranidgemh@phpbb.com,1 Del Sol Way,Prainha de Baixo
Gav,Latchford,glatchfordmi@state.gov,68024 Pankratz Street,Hongchun
Ivonne,Ballaam,iballaammj@purevolume.com,527 Tennessee Street,Salamina
Lacee,Poundesford,lpoundesfordmk@gmpg.org,18783 Coolidge Road,Ostrožac
Andrey,Uc,aucml@home.pl,82710 Crescent Oaks Pass,Muktāgācha
Monica,Hounsham,mhounshammm@123-reg.co.uk,10 Cody Terrace,Fifi
Charmion,Kynvin,ckynvinmn@si.edu,19 Dorton Street,Mapusagafou
Freddy,Birtwhistle,fbirtwhistlemo@tinypic.com,7625 Red Cloud Court,Burgastai
Rosalinda,Trousdell,rtrousdellmp@ft.com,744 Donald Pass,Anto
Merola,MacMeeking,mmacmeekingmq@sciencedaily.com,2 Northwestern Parkway,Georgetown
Coral,Lowes,clowesmr@wikimedia.org,65293 Dottie Road,Sampangbitung
Glendon,Moran,gmoranms@irs.gov,4544 Pierstorff Court,Ronneby
Ailyn,Barrand,abarrandmt@barnesandnoble.com,182 Butterfield Point,Japeri
Barnie,Bunn,bbunnmu@mysql.com,316 Blaine Parkway,Višnjićevo
Celestyna,Eagleton,ceagletonmv@theatlantic.com,759 East Circle,Gracias
Thurstan,McCawley,tmccawleymw@apple.com,537 Clarendon Pass,Qingshan
Briny,Fortye,bfortyemx@usatoday.com,75 Evergreen Plaza,Bayt Sīrā
Marline,Yarham,myarhammy@abc.net.au,0989 Scott Drive,Chlumec
Frazer,Bremner,fbremnermz@hhs.gov,45362 North Way,Zhudian
Dillon,Ritchley,dritchleyn0@imdb.com,526 Anderson Center,Krzeszów
Madison,Durston,mdurstonn1@wordpress.org,714 Sachs Alley,Khawr Fakkān
Hope,MacCaffrey,hmaccaffreyn2@wp.com,650 Westport Plaza,Itaquaquecetuba
Reena,Beverstock,rbeverstockn3@hatena.ne.jp,2 Manley Circle,Borucin
Eduardo,Doohan,edoohann4@slideshare.net,24 Becker Court,Fort Wayne
Reg,Gudge,rgudgen5@hexun.com,6566 Montana Street,Miandrivazo
Giraldo,Levane,glevanen6@state.tx.us,7810 Chive Way,Nusajaya
Desmund,Martland,dmartlandn7@businessweek.com,9 Dottie Hill,Nova Kakhovka
Britni,Carwithen,bcarwithenn8@youtube.com,5 Mallard Point,Portel
Collie,Queripel,cqueripeln9@hibu.com,0 Buena Vista Parkway,Yaroslavskiy
Abeu,Yitzovicz,ayitzoviczna@statcounter.com,6850 Mosinee Plaza,Fomento
Giles,Purkess,gpurkessnb@skype.com,633 Schmedeman Center,Caringin
Lottie,Quare,lquarenc@amazon.co.jp,00 Jana Place,Paderne
Shelagh,Stallibrass,sstallibrassnd@senate.gov,87 Karstens Alley,Acacías
Bren,Munning,bmunningne@comcast.net,4036 Barby Lane,Baitao
Melvyn,Tuffley,mtuffleynf@cbsnews.com,887 Basil Park,Wilkołaz
Laughton,Coyle,lcoyleng@phpbb.com,13 Aberg Trail,Toulouse
Cary,Troutbeck,ctroutbecknh@example.com,64068 Pleasure Parkway,Madona
Niles,Edgworth,nedgworthni@github.io,189 Stephen Park,Sumbawa Besar
Gino,Malafe,gmalafenj@businessinsider.com,4725 Spenser Alley,Vrbas
Albie,MacNeill,amacneillnk@so-net.ne.jp,59491 Thierer Center,Pakembangan
Jaymee,Yakhin,jyakhinnl@cam.ac.uk,9 Sommers Parkway,Évosmos
Hephzibah,Shakelady,hshakeladynm@cbc.ca,53 Mariners Cove Road,Bugang
Cathe,Brickhill,cbrickhillnn@si.edu,8 Crowley Alley,El Olivar
Lissa,Viveash,lviveashno@reddit.com,903 Mockingbird Center,Chuangwang
Cordell,Cowmeadow,ccowmeadownp@ehow.com,98 Mitchell Terrace,Selat
Catie,Reddick,creddicknq@economist.com,1178 Mesta Plaza,Saint-Eustache
Winn,Tock,wtocknr@msu.edu,3 Service Avenue,Palekastro
Kelley,Phibb,kphibbns@reference.com,3 Shasta Plaza,Şafāshahr
Lacee,Reightley,lreightleynt@census.gov,7029 Nelson Road,Ostrov
Andria,Beushaw,abeushawnu@zdnet.com,7 Stang Circle,Rostokino
Conchita,Daggett,cdaggettnv@newsvine.com,5 Fairview Road,Xihe
Albrecht,Warden,awardennw@lulu.com,5 Pond Road,‘Izrā
Bonni,Kinde,bkindenx@uol.com.br,00530 Badeau Pass,Lincoln
Dall,Mew,dmewny@exblog.jp,7692 American Court,Smoky Lake
Rollo,Trevain,rtrevainnz@intel.com,819 Ludington Place,Borisova Griva
Milka,Bendell,mbendello0@naver.com,01 Eagan Center,Valence
Marlyn,Gaishson,mgaishsono1@nytimes.com,778 Dennis Road,Nikki
Herminia,Greiser,hgreisero2@zimbio.com,95303 Union Trail,Cigaras
Cornall,O'Noland,conolando3@gmpg.org,10 Fulton Lane,Vilares
Isa,Mirams,imiramso4@ucoz.ru,08344 Nobel Hill,San Juan
Lynde,Mallison,lmallisono5@washington.edu,28 Lerdahl Hill,Halle
Marve,Noyes,mnoyeso6@tamu.edu,7252 Hoepker Point,Guagua
Lucita,Liddle,lliddleo7@sciencedirect.com,7203 Roxbury Junction,Maimará
Dodie,Seebright,dseebrighto8@infoseek.co.jp,88 Moose Street,Kolsh
Tracee,Buckingham,tbuckinghamo9@mail.ru,86868 Merry Parkway,Nadvoitsy
Basia,Tillot,btillotoa@canalblog.com,20 Main Place,Ngandangan
Megan,Grim,mgrimob@google.com,4 Leroy Terrace,Lucas
Christan,Cotton,ccottonoc@lycos.com,79 Rusk Place,Longtou’an
Kellen,Ferrant,kferrantod@list-manage.com,9337 Monterey Avenue,Mataraben
Dianna,Egle of Germany,degleofgermanyoe@ustream.tv,61106 Nancy Junction,Tsaghveri
Vidovic,Derham,vderhamof@virginia.edu,88 Debra Lane,Longsha
Merrilee,Corbyn,mcorbynog@tiny.cc,43 Marquette Avenue,Gaofeng
Letta,Havis,lhavisoh@huffingtonpost.com,0799 Pearson Park,Opinogóra Górna
Asa,Cristofolini,acristofolinioi@yelp.com,34001 Coolidge Crossing,Conceição do Jacuípe
Giorgio,Ringe,gringeoj@hc360.com,71244 Arizona Way,Suez
Burke,Sparway,bsparwayok@dell.com,77953 Mayer Drive,Terjan
Oona,Bedinn,obedinnol@archive.org,62 Ridgeway Drive,Arthur’s Town
Dag,Giacomasso,dgiacomassoom@nhs.uk,3 Chive Lane,Aldergrove
Hew,Nussen,hnussenon@google.ca,37906 Prentice Parkway,Nampula
Cirillo,Akehurst,cakehurstoo@macromedia.com,380 Dixon Avenue,Baing
Robena,Stanlack,rstanlackop@1und1.de,1 Morning Crossing,Milot
Bernarr,Cosby,bcosbyoq@time.com,359 Jenna Trail,Roanoke
Devina,Santacrole,dsantacroleor@symantec.com,659 Randy Avenue,Polanka Wielka
Mordecai,Lytle,mlytleos@yolasite.com,2601 Village Crossing,Tianhe
Nance,Hawkshaw,nhawkshawot@slate.com,9413 Main Alley,Rancabungur
Isak,Guice,iguiceou@blogtalkradio.com,5 Muir Street,Likwatang Timur
Pip,Tureville,pturevilleov@unc.edu,7555 Helena Crossing,Rodotópi
Kerry,Hambrick,khambrickow@walmart.com,387 Anthes Pass,Mundolsheim
Rasla,Stadden,rstaddenox@dyndns.org,9 Memorial Point,San Francisco
Worden,Sergant,wsergantoy@apple.com,15502 Southridge Park,Tonggu
Addie,Peters,apetersoz@shutterfly.com,090 Burrows Center,Jiupu
Stephi,Kohrs,skohrsp0@gnu.org,4 Vidon Place,Golovchino
Jolynn,Pigot,jpigotp1@eepurl.com,84270 Elka Lane,La Victoria
Bernetta,Sommerlin,bsommerlinp2@dagondesign.com,41 Hermina Alley,Ávato
Kurt,Jeeves,kjeevesp3@wired.com,0 Stuart Lane,Meilisi
Dionis,Czyz,dczyzp4@guardian.co.uk,1758 Lakeland Hill,Yuandun
Paulita,Cod,pcodp5@stumbleupon.com,4 Knutson Terrace,Lolak
Imelda,Mum,imump6@nymag.com,8275 Orin Road,Niquero
Misha,Thorouggood,mthorouggoodp7@gmpg.org,67 Village Plaza,Kashiwazaki
Aldwin,Crookshank,acrookshankp8@rakuten.co.jp,866 Golf View Trail,Al Finţās
Kimberly,McGriele,kmcgrielep9@dell.com,182 Eastlawn Hill,Nakhon Chai Si
Trumann,Gamil,tgamilpa@symantec.com,5739 Melby Circle,Pietà
Tallulah,Maciaszek,tmaciaszekpb@nationalgeographic.com,539 Brown Lane,Lesozavodsk
Ciel,Lippett,clippettpc@google.es,5 Mcguire Hill,Pengdian
Junie,Seviour,jseviourpd@exblog.jp,0 Dorton Avenue,Ponte Nova
Misty,McEllen,mmcellenpe@artisteer.com,3193 Rieder Road,Jialai
Allen,Lyfield,alyfieldpf@xinhuanet.com,92058 Glacier Hill Way,Nizhniy Lomov
Mischa,Dradey,mdradeypg@shutterfly.com,73585 Badeau Lane,Tangxian
Lorelei,Dietzler,ldietzlerph@google.es,846 International Drive,Narach
Bartolemo,Rayer,brayerpi@ow.ly,118 Thackeray Court,Palmas
Caritta,Lifsey,clifseypj@bing.com,9785 Anhalt Circle,Temandangjero
Sarette,Bagenal,sbagenalpk@omniture.com,81 Moland Terrace,Borlänge
Darcie,Wyllis,dwyllispl@tumblr.com,10 Farragut Crossing,Santo Anastácio
Fiann,Kunath,fkunathpm@narod.ru,2762 Bartelt Park,Tubarão
Yorke,Mitchenson,ymitchensonpn@ucsd.edu,4683 Porter Plaza,Pulap
Rich,Glancey,rglanceypo@biglobe.ne.jp,29 Hermina Drive,Klayusiwalan
Klement,de Vaen,kdevaenpp@1und1.de,75 Hooker Terrace,Mādārīpur
Camey,Cyson,ccysonpq@samsung.com,7 Chive Center,Jand
Yettie,Stanaway,ystanawaypr@webnode.com,5 Monument Center,Zhangdian
Jerrine,Van Der Straaten,jvanderstraatenps@google.com.br,259 Portage Drive,Fengchuan
Sheila-kathryn,Grebner,sgrebnerpt@twitter.com,620 Superior Pass,Shuanghe
Emmalee,Theobalds,etheobaldspu@scientificamerican.com,34 Eastlawn Circle,Veselynove
Marcelline,Chessun,mchessunpv@patch.com,55750 Pankratz Parkway,Thai Charoen
Dermot,Bengochea,dbengocheapw@ebay.co.uk,45 Monica Trail,Ágio Pnévma
Wilhelmina,Sprasen,wsprasenpx@globo.com,7 Badeau Pass,Ostrowite
Ky,Morch,kmorchpy@oracle.com,00317 Sommers Road,Jianxin
Phip,Feragh,pferaghpz@icq.com,06237 6th Park,Shangcai Zhongxing
Raine,Terbeek,rterbeekq0@angelfire.com,85 6th Plaza,Asker
Lincoln,Escala,lescalaq1@is.gd,9 Elgar Alley,Pingwang
Jody,Fidian,jfidianq2@rambler.ru,7257 Continental Park,Rocky Mountain House
Kissiah,Kehri,kkehriq3@webeden.co.uk,837 Ridgeview Point,Sinazongwe
Salvador,Crease,screaseq4@wikipedia.org,798 Straubel Plaza,Brak
Spence,Ivashchenko,sivashchenkoq5@aboutads.info,96 Bellgrove Park,Jianlong
Ninnette,Mackelworth,nmackelworthq6@cam.ac.uk,051 Monument Center,Hengjing
Burton,Comino,bcominoq7@zimbio.com,0005 Grayhawk Street,Mirzec
Adel,Dussy,adussyq8@prlog.org,43 Oneill Circle,Sambongmulyo
Beale,Cuvley,bcuvleyq9@usgs.gov,838 Evergreen Circle,Banjar Paangkelod
Johny,Parradice,jparradiceqa@reference.com,06776 Sutteridge Hill,Huanggu
Wain,Oret,woretqb@edublogs.org,96264 Commercial Way,Bayaguana
Netta,McLarty,nmclartyqc@mlb.com,87595 Hazelcrest Drive,Saint-Dié-des-Vosges
Corri,Proswell,cproswellqd@timesonline.co.uk,7929 Porter Plaza,Valerik
Elbertine,Simonett,esimonettqe@timesonline.co.uk,9 8th Way,Jingzhou
Cristal,Bradock,cbradockqf@tumblr.com,558 Hoffman Hill,Baiguan
Rici,Wild,rwildqg@nationalgeographic.com,481 Logan Circle,Yelizovo
Slade,Ventum,sventumqh@xing.com,43145 Montana Alley,Santo André
Thornton,Saxon,tsaxonqi@walmart.com,9 Goodland Pass,Quán Hàu
Jerald,Arckoll,jarckollqj@nhs.uk,1 Talmadge Circle,Carolina
Thorndike,Lamplough,tlamploughqk@last.fm,50 Dexter Lane,Piet Retief
Warren,Plumley,wplumleyql@mozilla.org,188 Lake View Park,Xike
Reinald,Rimbault,rrimbaultqm@rambler.ru,719 Bunker Hill Street,Wadung
Ardene,Fotheringham,afotheringhamqn@google.com.au,70 Thompson Avenue,Chunyang
Lainey,Corhard,lcorhardqo@list-manage.com,8 Rieder Point,Chicama
Gan,Dwane,gdwaneqp@chicagotribune.com,967 Spohn Trail,Tiandiba
Bee,Salt,bsaltqq@usatoday.com,95 Cardinal Lane,Tayturka
Ina,Whiterod,iwhiterodqr@sohu.com,1 Walton Pass,Banī Zayd
Malanie,Redmile,mredmileqs@howstuffworks.com,1 Oxford Alley,Jorochito
Dilan,Riseley,driseleyqt@delicious.com,2851 Mifflin Place,Krasnokholmskiy
Suzy,Perse,spersequ@clickbank.net,9232 Rowland Plaza,Łodygowice
Candi,Hrinchishin,chrinchishinqv@va.gov,0 Homewood Terrace,Một Ngàn
Andree,Giuron,agiuronqw@economist.com,600 Jenna Place,Leśnica
Sherrie,Scamerden,sscamerdenqx@phoca.cz,4191 Bashford Lane,Fushë-Bulqizë
Valentina,Monier,vmonierqy@mac.com,970 Acker Avenue,Nyanza
Linn,Willford,lwillfordqz@disqus.com,827 Fulton Street,Tubli
Marrilee,Rivard,mrivardr0@boston.com,18 Maywood Park,Luchenza
Alastair,Munns,amunnsr1@alibaba.com,4822 Walton Avenue,Baixi
Mattias,Purvey,mpurveyr2@mit.edu,85316 Fieldstone Parkway,Krasnyy Profintern
Stace,Maleham,smalehamr3@bing.com,3 Iowa Court,Guaiúba
Shela,Jobke,sjobker4@instagram.com,20 Arapahoe Place,Zielonki
Gris,Bumby,gbumbyr5@privacy.gov.au,98679 Tony Circle,Phu Kradueng
Bev,Espinos,bespinosr6@geocities.com,96 Vidon Pass,Yatunpu
Dyann,Southan,dsouthanr7@nih.gov,85 Almo Point,Ferreiras
Linette,Naylor,lnaylorr8@opensource.org,100 Macpherson Drive,Hujirt
Korney,Boyn,kboynr9@harvard.edu,614 Caliangt Crossing,Bayḩān
Dominique,Dimic,ddimicra@mozilla.org,4926 International Hill,Shi’an
Robbie,Khidr,rkhidrrb@paypal.com,5 Toban Circle,Licun
Ilise,Sailes,isailesrc@pen.io,06 Calypso Crossing,Fontainebleau
Ardenia,Keppel,akeppelrd@free.fr,576 International Hill,Calape
Sandy,Grimmer,sgrimmerre@unc.edu,9185 Reindahl Parkway,Icheon-si
Munmro,Darkott,mdarkottrf@unc.edu,44 Buell Crossing,Pingqiao
Cosimo,Rois,croisrg@ebay.co.uk,50 New Castle Way,Sai’erlong Xiang
Aleksandr,Broadey,abroadeyrh@desdev.cn,7 Harbort Junction,Porto Ferreira
Teodoro,Bernetti,tbernettiri@ucoz.com,9 Declaration Lane,Matanog
Marylin,Rosewall,mrosewallrj@google.com.au,99 Warner Crossing,El Perico
Geri,Shilvock,gshilvockrk@rakuten.co.jp,40302 7th Crossing,Gromadka
Brandtr,Marzelli,bmarzellirl@webeden.co.uk,15 Mallory Parkway,Varberg
Catlaina,Gunthorp,cgunthorprm@fastcompany.com,63843 Dottie Alley,Klenak
Shep,Deaconson,sdeaconsonrn@people.com.cn,18785 Carey Plaza,Suzëmka
Godard,Wieprecht,gwieprechtro@bloomberg.com,1260 Mosinee Place,Bukowina Tatrzańska
Roma,Headey,rheadeyrp@last.fm,5632 Merchant Court,Dongsheng
Winifred,Vreiberg,wvreibergrq@wp.com,6 Dawn Drive,Laiyang
Janessa,Eich,jeichrr@hugedomains.com,8 Clemons Hill,Horrom
